{
  "alice": {
    "username": "alice",
    "password_hash": "cbfdac6008f9cab4083784cbd1874f76618d2a97",
    "created_at": "2023-01-15T10:00:00Z"
  },
  "bob": {
    "username": "bob",
    "password_hash": "99bdbe5c5decdb2b4b0f1838235def2eaf02df50",
    "created_at": "2023-01-16T11:00:00Z"
  },
  "charlie": {
    "username": "charlie",
    "password_hash": "6c93d39e5117b00cf07d7f39e3278ab387f4f9d4",
    "created_at": "2023-01-17T12:00:00Z"
  },
  "diana": {
    "username": "diana",
    "password_hash": "979d783fafe5794f90aaa166b02540bcdf9552fd",
    "created_at": "2023-01-18T13:00:00Z"
  },
  "eve": {
    "username": "eve",
    "password_hash": "5e884898da28047151d0e56f8dc6292773603d0d",
    "created_at": "2023-01-19T14:00:00Z"
  }
}
